{"cameraMode":{"drawMode":0,"name":"Shaded","section":"Shading Mode"},"sceneLighting":true,"audioPlay":false,"sceneViewState":{"showFog":true,"showMaterialUpdate":false,"showSkybox":true,"showFlares":true,"showImageEffects":true,"showParticleSystems":true},"in2DMode":false,"pivot":{"x":-19.098472595214845,"y":2.428341865539551,"z":5.9290618896484379},"rotation":{"x":-0.17065037786960603,"y":-0.24916353821754456,"z":0.04462619125843048,"w":-0.9523084163665772},"size":212.4678192138672,"orthographic":false}